1,"prompt 1 will not be ""revealed prematurely. Nice try."""
2,prompt 2 will not be revealed prematurely. Nice try.
3,prompt 3 will not be revealed prematurely. Nice try.
4,prompt 4 will not be revealed prematurely. Nice try.
5,prompt 5 will not be revealed prematurely. Nice try.
6,Sun is shinin' in the sky
7,There ain't a cloud in sight
8,It's stopped rainin' everybody's in the play
9,And don't you know
10,"It's a beautiful new day, hey hey"
11,Runnin' down the avenue
12,See how the sun shines brightly in the city
13,On the streets where once was pity
14,"Mr. Blue Sky is living here today, hey hey"
15,Mr. Blue Sky please tell us why
16,You had to hide away for so long (so long)
17,Where did we go wrong?
18,Mr. Blue Sky please tell us why
19,You had to hide away for so long (so long)
20,Where did we go wrong?
21,Hey you with the pretty face
22,Welcome to the human race
23,"A celebration, Mr. Blue Sky's up there waitin'"
24,And today is the day we've waited for
25,Oh Mr. Blue Sky please tell us why
26,You had to hide away for so long (so long)
27,Where did we go wrong?
28,Hey there Mr. Blue
29,We're so pleased to be with you
30,Look around see what you do
31,Everybody smiles at you
32,Hey there Mr. Blue
33,We're so pleased to be with you
34,Look around see what you do
35,Everybody smiles at you
36,"Mr. Blue, you did it right"
37,But soon comes Mr. Night creepin' over
38,Now his hand is on your shoulder
39,Never mind I'll remember you this
40,I'll remember you this way
41,Mr. Blue Sky please tell us why
42,You had to hide away for so long (so long)
43,Where did we go wrong?
44,Hey there Mr. Blue (sky)
45,We're so pleased to be with you (sky)
46,Look around see what you do (blue)
47,Everybody smiles at you
48,da da daaa da da da
49,da daaa da da da da
50,dun dun dun dun
